v_firstName,v_firstJob,v_newJob,v_email,v_password
Juan,Tester,Developer,juan@perfcoe.com,Jmeter01
Maria,Designer,Aviator,maria@perfcoe.com,Jmeter02
Pedro,Developer,Tester,pedro@perfcoe.com,Jmeter03
Luis,Architect,Developer,luis@perfcoe.com,Jmeter04
Miguel,Teacher,Electrician,miguel@perfcoe.com,Jmeter05
Ivan,Lawyer,Dentist,ivan@perfcoe.com,Jmeter06
Luisa,Tailor,Scientist,luisa@perfcoe.com,Jmeter07
Rosa,Chef,Judge,Rosa@perfcoe.com,Jmeter08
James,Farmer,Gardener,James@perfcoe.com,Jmeter09
Robert,Soldier,Artist,Robert@perfcoe.com,Jmeter10
John,Politician,Nurse,John@perfcoe.com,Jmeter11
Michael,Mechanic,Plumber,Michael@perfcoe.com,Jmeter12
David,Firefigter,Veterinarian,David@perfcoe.com,Jmeter13
William,Fisherman,Bartender,William@perfcoe.com,Jmeter14
Richard,Journalist,Baker,Richard@perfcoe.com,Jmeter15
Joseph,Dietician,Salesperson,Joseph@perfcoe.com,Jmeter16
Thomas,Librarian,Lifeguard,Thomas@perfcoe.com,Jmeter17
Charles,Bricklayer,Butcher,Charles@perfcoe.com,Jmeter18
Christopher,Physician,Dietitian,Christopher@perfcoe.com,Jmeter19
Daniel,Baker,Scientist,Daniel@perfcoe.com,Jmeter20
Matthew,Salesperson,Judge,Matthew@perfcoe.com,Jmeter21
Anthony,Lifeguard,Gardener,Anthony@perfcoe.com,Jmeter22
Mark,Butcher,Artist,Mark@perfcoe.com,Jmeter23
Donald,Dietitian,Nurse,Donald@perfcoe.com,Jmeter24
Steven,Firefigter,Soldier,Steven@perfcoe.com,Jmeter25
Paul,Fisherman,Politician,Paul@perfcoe.com,Jmeter26
Andrew,Journalist,Veterinarian,Andrew@perfcoe.com,Jmeter27
Joshua,Dietician,Gardener,Joshua@perfcoe.com,Jmeter28
Kenneth,Librarian,Artist,Kenneth@perfcoe.com,Jmeter29
Kevin,Bricklayer,Nurse,Kevin@perfcoe.com,Jmeter30
Brian,Physician,Plumber,Brian@perfcoe.com,Jmeter31
George,Tester,Bricklayer,George@perfcoe.com,Jmeter32
Timothy,Designer,Veterinarian,Timothy@perfcoe.com,Jmeter33
Ronald,Dietitian,Gardener,Ronald@perfcoe.com,Jmeter34
Edward,Scientist,Artist,Edward@perfcoe.com,Jmeter35
Jason,Judge,Dentist,Jason@perfcoe.com,Jmeter36
Jeffrey,Gardener,Scientist,Jeffrey@perfcoe.com,Jmeter37
Ryan,Artist,Judge,Ryan@perfcoe.com,Jmeter38
Jacob,Plumber,Gardener,Jacob@perfcoe.com,Jmeter39
Gary,Veterinarian,Designer,Gary@perfcoe.com,Jmeter40
Nicholas,Bartender,Butcher,Nicholas@perfcoe.com,Jmeter41
Eric,Baker,Dietitian,Eric@perfcoe.com,Jmeter42
Jonathan,Salesperson,Firefigter,Jonathan@perfcoe.com,Jmeter43
Stephen,Lifeguard,Fisherman,Stephen@perfcoe.com,Jmeter44
Larry,Butcher,Journalist,Larry@perfcoe.com,Jmeter45
Justin,Gardener,Dietician,Justin@perfcoe.com,Jmeter46
Scott,Dentist,Journalist,Scott@perfcoe.com,Jmeter47
Brandon,Scientist,Dietician,Brandon@perfcoe.com,Jmeter48
Benjamin,Judge,Librarian,Benjamin@perfcoe.com,Jmeter49
Samuel,Gardener,Bricklayer,Samuel@perfcoe.com,Jmeter50
Gregory,Developer,Tester,Gregory@perfcoe.com,Jmeter51
Alexander,Aviator,Designer,Alexander@perfcoe.com,Jmeter52
Frank,Tester,Developer,Frank@perfcoe.com,Jmeter53
Patrick,Developer,Architect,Patrick@perfcoe.com,Jmeter54
Raymond,Electrician,Teacher,Raymond@perfcoe.com,Jmeter55
Jack,Dentist,Lawyer,Jack@perfcoe.com,Jmeter56
Dennis,Scientist,Tailor,Dennis@perfcoe.com,Jmeter57
Jerry,Judge,Chef,Jerry@perfcoe.com,Jmeter58
Tyler,Gardener,Farmer,Tyler@perfcoe.com,Jmeter59
Aaron,Artist,Soldier,Aaron@perfcoe.com,Jmeter60
Jose,Nurse,Politician,Jose@perfcoe.com,Jmeter61
Adam,Plumber,Mechanic,Adam@perfcoe.com,Jmeter62
Nathan,Veterinarian,Firefigter,Nathan@perfcoe.com,Jmeter63
Henry,Bartender,Fisherman,Henry@perfcoe.com,Jmeter64
Douglas,Baker,Journalist,Douglas@perfcoe.com,Jmeter65
Zachary,Salesperson,Dietician,Zachary@perfcoe.com,Jmeter66
Peter,Lifeguard,Librarian,Peter@perfcoe.com,Jmeter67
Kyle,Butcher,Bricklayer,Kyle@perfcoe.com,Jmeter68
Ethan,Dietitian,Physician,Ethan@perfcoe.com,Jmeter69
Walter,Scientist,Baker,Walter@perfcoe.com,Jmeter70
Noah,Judge,Salesperson,Noah@perfcoe.com,Jmeter71
Jeremy,Gardener,Lifeguard,Jeremy@perfcoe.com,Jmeter72
Christian,Artist,Butcher,Christian@perfcoe.com,Jmeter73
Keith,Nurse,Dietitian,Keith@perfcoe.com,Jmeter74
Roger,Soldier,Firefigter,Roger@perfcoe.com,Jmeter75
Terry,Politician,Fisherman,Terry@perfcoe.com,Jmeter76
Gerald,Veterinarian,Journalist,Gerald@perfcoe.com,Jmeter77
Harold,Gardener,Dietician,Harold@perfcoe.com,Jmeter78
Sean,Artist,Librarian,Sean@perfcoe.com,Jmeter79
Austin,Nurse,Bricklayer,Austin@perfcoe.com,Jmeter80
Carl,Plumber,Physician,Carl@perfcoe.com,Jmeter81
Arthur,Lifeguard,Tester,Arthur@perfcoe.com,Jmeter82
Lawrence,Veterinarian,Designer,Lawrence@perfcoe.com,Jmeter83
Dylan,Gardener,Dietitian,Dylan@perfcoe.com,Jmeter84
Jesse,Artist,Scientist,Jesse@perfcoe.com,Jmeter85
Jordan,Dentist,Judge,Jordan@perfcoe.com,Jmeter86
Bryan,Scientist,Gardener,Bryan@perfcoe.com,Jmeter87
Billy,Judge,Artist,Billy@perfcoe.com,Jmeter88
Joe,Gardener,Plumber,Joe@perfcoe.com,Jmeter89
Bruce,Designer,Veterinarian,Bruce@perfcoe.com,Jmeter90
Gabriel,Butcher,Bartender,Gabriel@perfcoe.com,Jmeter91
Logan,Dietitian,Baker,Logan@perfcoe.com,Jmeter92
Albert,Firefigter,Salesperson,Albert@perfcoe.com,Jmeter93
Willie,Fisherman,Lifeguard,Willie@perfcoe.com,Jmeter94
Alan,Journalist,Butcher,Alan@perfcoe.com,Jmeter95
Juan,Dietician,Gardener,Juan@perfcoe.com,Jmeter96
Wayne,Journalist,Dentist,Wayne@perfcoe.com,Jmeter97
Elijah,Dietician,Scientist,Elijah@perfcoe.com,Jmeter98
Randy,Librarian,Judge,Randy@perfcoe.com,Jmeter99
Roy,Bricklayer,Gardener,Roy@perfcoe.com,Jmeter100
Vincent,Developer,Designer,Vincent@perfcoe.com,Jmeter101
Ralph,Aviator,Developer,Ralph@perfcoe.com,Jmeter102
Eugene,Tester,Architect,Eugene@perfcoe.com,Jmeter103
Russell,Developer,Teacher,Russell@perfcoe.com,Jmeter104
Bobby,Electrician,Lawyer,Bobby@perfcoe.com,Jmeter105
Mason,Dentist,Tailor,Mason@perfcoe.com,Jmeter106
Philip,Scientist,Chef,Philip@perfcoe.com,Jmeter107
Louis,Judge,Farmer,Louis@perfcoe.com,Jmeter108
Liam,Gardener,Soldier,Liam@perfcoe.com,Jmeter109
Noah,Artist,Politician,Noah@perfcoe.com,Jmeter110
Oliver,Nurse,Mechanic,Oliver@perfcoe.com,Jmeter111
Elijah,Plumber,Firefigter,Elijah@perfcoe.com,Jmeter112
James,Veterinarian,Fisherman,James@perfcoe.com,Jmeter113
William,Bartender,Journalist,William@perfcoe.com,Jmeter114
Benjamin,Baker,Dietician,Benjamin@perfcoe.com,Jmeter115
Lucas,Salesperson,Librarian,Lucas@perfcoe.com,Jmeter116
Henry,Lifeguard,Bricklayer,Henry@perfcoe.com,Jmeter117
Theodore,Butcher,Physician,Theodore@perfcoe.com,Jmeter118
Jack,Dietitian,Baker,Jack@perfcoe.com,Jmeter119
Levi,Scientist,Salesperson,Levi@perfcoe.com,Jmeter120
Alexander,Judge,Lifeguard,Alexander@perfcoe.com,Jmeter121
Jackson,Gardener,Butcher,Jackson@perfcoe.com,Jmeter122
Mateo,Artist,Dietitian,Mateo@perfcoe.com,Jmeter123
Daniel,Nurse,Firefigter,Daniel@perfcoe.com,Jmeter124
Michael,Soldier,Fisherman,Michael@perfcoe.com,Jmeter125
Mason,Politician,Journalist,Mason@perfcoe.com,Jmeter126
Sebastian,Veterinarian,Dietician,Sebastian@perfcoe.com,Jmeter127
Ethan,Gardener,Librarian,Ethan@perfcoe.com,Jmeter128
Logan,Artist,Bricklayer,Logan@perfcoe.com,Jmeter129
Owen,Nurse,Physician,Owen@perfcoe.com,Jmeter130
Samuel,Plumber,Tester,Samuel@perfcoe.com,Jmeter131
Jacob,Bricklayer,Designer,Jacob@perfcoe.com,Jmeter132
Asher,Veterinarian,Dietitian,Asher@perfcoe.com,Jmeter133
Aiden,Gardener,Scientist,Aiden@perfcoe.com,Jmeter134
John,Artist,Judge,John@perfcoe.com,Jmeter135
Joseph,Dentist,Gardener,Joseph@perfcoe.com,Jmeter136
Wyatt,Scientist,Artist,Wyatt@perfcoe.com,Jmeter137
David,Judge,Plumber,David@perfcoe.com,Jmeter138
Leo,Gardener,Veterinarian,Leo@perfcoe.com,Jmeter139
Luke,Designer,Bartender,Luke@perfcoe.com,Jmeter140
Julian,Butcher,Baker,Julian@perfcoe.com,Jmeter141
Hudson,Dietitian,Salesperson,Hudson@perfcoe.com,Jmeter142
Grayson,Firefigter,Lifeguard,Grayson@perfcoe.com,Jmeter143
Matthew,Fisherman,Butcher,Matthew@perfcoe.com,Jmeter144
Ezra,Journalist,Gardener,Ezra@perfcoe.com,Jmeter145
Gabriel,Dietician,Dentist,Gabriel@perfcoe.com,Jmeter146
Carter,Journalist,Scientist,Carter@perfcoe.com,Jmeter147
Isaac,Dietician,Judge,Isaac@perfcoe.com,Jmeter148
Jayden,Librarian,Gardener,Jayden@perfcoe.com,Jmeter149
Luca,Bricklayer,Developer,Luca@perfcoe.com,Jmeter150
Anthony,Tester,Aviator,Anthony@perfcoe.com,Jmeter151
Dylan,Designer,Tester,Dylan@perfcoe.com,Jmeter152
Lincoln,Developer,Developer,Lincoln@perfcoe.com,Jmeter153
Thomas,Architect,Electrician,Thomas@perfcoe.com,Jmeter154
Maverick,Teacher,Dentist,Maverick@perfcoe.com,Jmeter155
Elias,Lawyer,Scientist,Elias@perfcoe.com,Jmeter156
Josiah,Tailor,Judge,Josiah@perfcoe.com,Jmeter157
Charles,Chef,Gardener,Charles@perfcoe.com,Jmeter158
Caleb,Farmer,Artist,Caleb@perfcoe.com,Jmeter159
Christopher,Soldier,Nurse,Christopher@perfcoe.com,Jmeter160
Ezekiel,Politician,Plumber,Ezekiel@perfcoe.com,Jmeter161
Miles,Mechanic,Veterinarian,Miles@perfcoe.com,Jmeter162
Jaxon,Firefigter,Bartender,Jaxon@perfcoe.com,Jmeter163
Isaiah,Fisherman,Baker,Isaiah@perfcoe.com,Jmeter164
Andrew,Journalist,Salesperson,Andrew@perfcoe.com,Jmeter165
Joshua,Dietician,Lifeguard,Joshua@perfcoe.com,Jmeter166
Nathan,Librarian,Butcher,Nathan@perfcoe.com,Jmeter167
Nolan,Bricklayer,Dietitian,Nolan@perfcoe.com,Jmeter168
Adrian,Physician,Scientist,Adrian@perfcoe.com,Jmeter169
Cameron,Baker,Judge,Cameron@perfcoe.com,Jmeter170
Santiago,Salesperson,Gardener,Santiago@perfcoe.com,Jmeter171
Eli,Lifeguard,Artist,Eli@perfcoe.com,Jmeter172
Aaron,Butcher,Nurse,Aaron@perfcoe.com,Jmeter173
Ryan,Dietitian,Soldier,Ryan@perfcoe.com,Jmeter174
Angel,Firefigter,Politician,Angel@perfcoe.com,Jmeter175
Cooper,Fisherman,Veterinarian,Cooper@perfcoe.com,Jmeter176
Waylon,Journalist,Gardener,Waylon@perfcoe.com,Jmeter177
Easton,Dietician,Artist,Easton@perfcoe.com,Jmeter178
Kai,Librarian,Nurse,Kai@perfcoe.com,Jmeter179
Christian,Bricklayer,Plumber,Christian@perfcoe.com,Jmeter180
Landon,Physician,Lifeguard,Landon@perfcoe.com,Jmeter181
Colton,Tester,Veterinarian,Colton@perfcoe.com,Jmeter182
Roman,Designer,Gardener,Roman@perfcoe.com,Jmeter183
Axel,Dietitian,Artist,Axel@perfcoe.com,Jmeter184
Brooks,Scientist,Dentist,Brooks@perfcoe.com,Jmeter185
Jonathan,Judge,Scientist,Jonathan@perfcoe.com,Jmeter186
Robert,Gardener,Judge,Robert@perfcoe.com,Jmeter187
Jameson,Artist,Gardener,Jameson@perfcoe.com,Jmeter188
Ian,Plumber,Designer,Ian@perfcoe.com,Jmeter189
Everett,Veterinarian,Butcher,Everett@perfcoe.com,Jmeter190
Greyson,Bartender,Dietitian,Greyson@perfcoe.com,Jmeter191
Wesley,Baker,Firefigter,Wesley@perfcoe.com,Jmeter192
Jeremiah,Salesperson,Fisherman,Jeremiah@perfcoe.com,Jmeter193
Hunter,Lifeguard,Journalist,Hunter@perfcoe.com,Jmeter194
Leonardo,Butcher,Dietician,Leonardo@perfcoe.com,Jmeter195
Jordan,Gardener,Journalist,Jordan@perfcoe.com,Jmeter196
Jose,Dentist,Dietician,Jose@perfcoe.com,Jmeter197
Bennett,Scientist,Librarian,Bennett@perfcoe.com,Jmeter198
Silas,Judge,Bricklayer,Silas@perfcoe.com,Jmeter199
Nicholas,Gardener,Lifeguard,Nicholas@perfcoe.com,Jmeter200
